ea_id,area_km2,total_area_m2,tarim_area_m2,yesillik_area_m2,tarim_ratio,yesillik_ratio
10101016,118.23518632481435,118235186.32481435,16770736.562080745,24766604.987677086,0.14184217983983524,0.2094689893720686
10101204,55.382101880222265,55382101.88022227,8013274.862540392,4771042.526818404,0.14469069591961525,0.08614773301917981
10101215,72.03598727726114,72035987.27726114,11370988.467882315,8813670.035549738,0.1578514975315911,0.12235092998207382
10101219,68.43718106986697,68437181.06986697,24087296.855638884,17605708.736960825,0.35196214220232647,0.2572535639506732
10101355,67.59059010850304,67590590.10850304,28016679.196305595,18692727.05976089,0.4145056161121019,0.27655812783633776
10101374,131.20945066557738,131209450.66557738,19901349.49565967,24109350.132576488,0.15167618944144215,0.18374705488269788
10101470,142.33449980270564,142334499.80270565,71021265.9010927,13819874.050325222,0.4989743596916947,0.09709433812239048
10101562,77.65743977971063,77657439.77971064,18757889.536613032,4155373.377166896,0.24154658703432894,0.0535090184398863
10101568,131.97545615930022,131975456.15930022,60357372.39028194,10620209.68756947,0.4573378577106634,0.08047109664656439
10101706,138.9892693111186,138989269.3111186,69472875.82628681,36611458.541434005,0.49984344957434246,0.2634121232732118
10102004,101.2970455229532,101297045.5229532,44208438.88962875,23790989.914586686,0.43642377387612385,0.23486361119185667
10102379,74.49646010687965,74496460.10687965,18783643.164229944,8487193.27278433,0.2521414190322756,0.11392747065575735
10102621,132.42415960974114,132424159.60974114,14522345.104380362,23059242.64897258,0.10966537486194548,0.17413168954161395
10103414,71.37629633750954,71376296.33750954,21640484.172434777,6096882.945924392,0.3031886674268683,0.08541887515562178
10103452,124.14670522347096,124146705.22347096,36645293.042032115,9648721.915145827,0.29517733053058925,0.07772032208005515
10103681,112.99402045896808,112994020.45896807,11458422.648867898,6290952.204290422,0.10140733644422216,0.05567508952011206
10104150,142.7407258525167,142740725.8525167,63870901.931418836,25227843.76151527,0.44746095797083063,0.17673893425189185
10104351,73.19081886064188,73190818.86064188,11598814.645494996,16693379.302655231,0.15847362860606304,0.2280802368728797
10104440,129.91251286200827,129912512.86200827,45573588.896676116,8488235.322463522,0.35080215056023056,0.06533808896052713
10105352,101.81650368527141,101816503.68527141,20872989.367021225,15419614.9016581,0.20500595297931717,0.15144514242329726
10105511,73.15556248170675,73155562.48170675,19438678.944532078,14180403.981262773,0.26571703210392106,0.1938390397149734
10105513,66.59039932407445,66590399.324074455,19175028.920754902,10447538.41112135,0.2879548570873721,0.15689256284943537
10120286,99.77889684977939,99778896.84977938,33432463.176686734,5966108.671645236,0.3350654720809399,0.05979329156772921
10120288,108.27246406153199,108272464.06153199,33327102.55416504,15134463.552785981,0.30780774080494755,0.13978127942285457
10201137,68.43379874284797,68433798.74284796,16819365.36929783,13815600.998506347,0.24577570846972197,0.20188271369270172
10201210,51.48949167602323,51489491.67602323,5982302.895019776,5277421.789261908,0.1161849282308125,0.10249512313052044
10201247,97.11332288904609,97113322.88904609,14629329.325545684,20334991.029386386,0.15064183667425307,0.20939445201169277
10201442,122.82433281832617,122824332.81832618,42938943.373330005,20510986.77707612,0.3495963901293282,0.1669944896620334
10201688,141.8600491773543,141860049.1773543,48573889.175582,30781391.880065218,0.3424071079719888,0.21698421830928688
10202195,112.55340057354641,112553400.57354641,41341864.25686986,20144967.326199975,0.36730888668135453,0.17898141880694696
10202514,141.71225725476023,141712257.25476024,18727389.683942664,7696546.915904936,0.13215081071128443,0.05431108829258595
10203013,136.46902510937747,136469025.10937747,27282706.75802523,40630234.09164569,0.19991867558340531,0.2977249530366417
10203085,71.81428732499879,71814287.32499878,13928247.8469171,15506956.618883627,0.19394814549762485,0.21593135845944134
10203176,136.61274307382428,136612743.0738243,58176872.62045553,7739032.015681441,0.425852459378678,0.05664941528550772
10203221,123.07519363712538,123075193.63712539,49712608.422033824,16289041.65862637,0.40392061919972566,0.13235032322315854
10203623,77.78652902989279,77786529.02989279,31165686.679665267,7852018.097732394,0.40065660556326566,0.10094316066879551
10203744,129.70435531834647,129704355.31834647,63394447.929086305,23519325.80091965,0.4887611350713006,0.18133027023798698
10204101,136.52217128437366,136522171.28437364,63665820.00634619,24634539.4036229,0.46634051749536887,0.18044350724769476
10204322,79.94378956374572,79943789.56374572,28590294.86032075,11227239.081780216,0.3576299674601161,0.14043916535665124
10204453,102.7042084030297,102704208.4030297,31174586.696170773,23145263.079035982,0.3035375782639414,0.22535846815750554
10204586,57.14868066233969,57148680.662339695,24406007.876932517,15153858.186598811,0.4270616153176706,0.26516549482803764
10204723,108.32384101510581,108323841.01510581,34649009.52393097,13093389.890882727,0.3198650380122613,0.12087265156205869
10205202,73.79063996296176,73790639.96296176,30036295.393683482,5490013.782070977,0.4070474982837905,0.07439986676937098
10205507,126.49636461036484,126496364.61036484,21766025.857327275,37874177.84094261,0.17206839045826472,0.29940921984282287
10220027,67.36316361754025,67363163.61754026,20559389.67216891,17504358.840367172,0.3052022584464187,0.25985060529148496
10220103,81.2742256250767,81274225.6250767,23849290.953294076,9938261.763701865,0.29344224161928545,0.12228060848648027
10220521,51.4474476790067,51447447.6790067,15118359.996531216,10307115.43088004,0.29386025310445696,0.20034259999035658
10220705,53.255192160658936,53255192.16065893,16392018.443963712,3698938.2468550177,0.3078013200011124,0.06945685663279842
10301026,99.67018417953405,99670184.17953405,34445629.68850655,28875461.10959544,0.345596127588771,0.2897101209082007
10301306,96.83125344265761,96831253.4426576,33132483.810953267,11990346.264689079,0.34216725109908813,0.12382723385677981
10301347,62.769032289247775,62769032.28924777,30194054.63973066,7428947.212063876,0.481034254289481,0.11835369992371926
10301663,75.75625049095238,75756250.49095239,14228489.893061934,7862474.4306526175,0.18781935220990445,0.10378647807538517
10301741,50.31811092933116,50318110.92933116,7928473.406089252,5441994.949981726,0.15756699247363098,0.1081518135214712
10302010,88.10677478158192,88106774.78158192,34517423.19733043,24219255.68323293,0.39176809368972665,0.2748852825821039
10303454,107.58730840369665,107587308.40369666,21236878.237826467,12421484.114631154,0.197392039571619,0.11545492027760736
10304012,92.72987712829502,92729877.12829502,19677387.078415386,14602674.761288004,0.2122011555260775,0.15747540289614204
10304360,133.51023473085695,133510234.73085696,22933539.610422645,23675772.211691525,0.1717736445947708,0.17733301315378158
10304625,111.64912514101897,111649125.14101897,32491137.395747997,27263601.924138606,0.2910111239538143,0.24419001841441373
10305446,76.60839120112747,76608391.20112747,20209033.439709883,22345281.20824841,0.26379660403849414,0.2916819013935845
10306417,131.1022111318083,131102211.13180831,64248851.98876597,36160338.60485654,0.49006688319063574,0.2758179155994665
10306431,99.94867503030173,99948675.03030173,36988373.70579562,18030173.43990328,0.37007367726067153,0.18039432172999814
10307413,125.88103210038678,125881032.10038677,42037850.76924143,28382928.099179503,0.33394904750794674,0.2254742245562848
10308129,106.60890863267188,106608908.63267188,35280845.46871214,11954351.21661496,0.3309371226214749,0.11213276047881211
10308636,93.74403615572591,93744036.15572591,20061351.42549976,17537845.808393285,0.21400136209384246,0.18708225640359383
10309273,89.61544444174234,89615444.44174235,40763725.61018646,8732929.33161444,0.4548738876889278,0.09744893177750837
10309281,52.22352879198788,52223528.79198788,7652957.089564594,4129291.8735639495,0.1465423204174343,0.07906956824023474
10310469,96.93507881679626,96935078.81679626,38213933.83427045,6713962.941464767,0.394221929777283,0.06926246951481733
10312048,112.35584021581056,112355840.21581055,16809018.10925769,28035858.462038487,0.14960520144721726,0.24952738022507637
10312078,144.61134210107417,144611342.10107416,43290291.41736806,18345093.00490825,0.29935612786935406,0.12685791265311813
10312187,93.53260801654868,93532608.01654868,17449358.940465584,26508469.562233217,0.18655909752220612,0.28341420307175746
10312600,98.56414030799971,98564140.3079997,31691240.77731305,22410457.29115935,0.3215291147295779,0.2273692767078339
10320227,101.91151439794956,101911514.39794956,18191613.15654265,20467704.69643009,0.17850400186878845,0.20083799968379135
10401140,90.8590979992116,90859097.9992116,27361996.8555047,12323442.502389824,0.30114757308885154,0.1356324547982719
10401212,107.87957188512473,107879571.88512473,12130369.86054227,15906836.149297012,0.11244362253735361,0.14744993766044384
10401424,57.035067327572534,57035067.32757253,11333294.604102384,14459027.864658685,0.19870748182011028,0.253511191309995
10401502,98.83838312032239,98838383.12032239,38957935.80675671,18498776.983646456,0.3941579635042257,0.1871618737543156
10401522,111.01448283017324,111014482.83017324,34178678.092323184,24394207.35432815,0.3078758484567166,0.21973896317335195
10401541,124.38791073196565,124387910.73196565,37074328.021920346,22634723.572119668,0.29805410995132064,0.18196883795961144
10401604,92.98303204342466,92983032.04342465,32971358.917867094,26093922.48557104,0.35459543739624355,0.2806310131227463
10401635,80.28021327223843,80280213.27223843,24895048.973582756,13339934.736094818,0.31010192871761677,0.16616715616907657
10401742,50.58900333174697,50589003.33174697,10382218.62642956,12360009.763105426,0.2052267872989352,0.24432206505537024
10402537,125.64789701459573,125647897.01459573,57293997.59494895,27135590.273444153,0.45598851199470103,0.21596533581689775
10403332,57.75759701985764,57757597.019857645,13010747.33055749,13816062.015231038,0.2252646924712651,0.23920770129132857
10403488,98.99880376589138,98998803.76589139,10621812.27084496,14540699.710918205,0.10729232947059662,0.14687752940230975
10404186,80.43610967824563,80436109.67824563,14140749.121068293,10843086.643982328,0.17580100750313554,0.1348037179738803
10404707,134.0822162176361,134082216.21763611,35347891.15947937,20431491.747751955,0.26362848225975244,0.15238032547574015
10405213,145.0475862250084,145047586.2250084,15071061.537456267,9061925.8066822,0.10390425604240622,0.06247553677056493
10405404,81.88745787343831,81887457.87343831,26063281.288407125,5468227.514525808,0.31828172427442303,0.0667773509708564
10407068,139.77682889262576,139776828.89262575,67276049.8688309,37454439.792046495,0.4813104604090801,0.2679588604833665
10407194,83.75290506103423,83752905.06103423,27126041.81325037,19147585.029534303,0.3238818019922114,0.22861995074177616
10407628,131.21121105135765,131211211.05135766,23988935.727351893,35148224.021553636,0.18282687534956393,0.26787515898924363
10408441,129.8843598059114,129884359.8059114,16322615.980246704,21784329.41756021,0.12567037328157055,0.1677209592449232
10409468,115.5285177011079,115528517.7011079,36533386.78312236,15551717.710219542,0.3162283002508567,0.13461366959155924
10420001,72.87034547756053,72870345.47756054,27266586.633856077,7164953.911049454,0.37417946155137227,0.09832468700530324
10420035,63.767446474226844,63767446.47422685,22740981.498284366,3333132.89515492,0.35662368113604304,0.05227013279420066
10420080,92.43711389270112,92437113.89270112,30226358.774723805,4898819.404452191,0.32699375285353316,0.052996239260981556
10501055,65.15387530193068,65153875.30193068,16103475.473202208,16699153.919051398,0.2471606700073759,0.2563033103044994
10501216,137.32729487880516,137327294.87880516,35065723.08118619,8053327.210538454,0.25534416236868707,0.05864331062259488
10501505,67.91267574878015,67912675.74878015,30218327.823315,5518955.772410266,0.4449585808560603,0.08126547380971656
10501709,53.02946616123272,53029466.16123272,6328306.571121555,15472286.265972905,0.11933566428673337,0.2917677168186156
10502043,105.92496771336656,105924967.71336655,23253771.7069759,7818789.627010327,0.21953059990445986,0.07381441595684983
10502268,92.88062533520196,92880625.33520195,19959874.21144038,7269640.838261492,0.21489814629699253,0.07826864657753636
10502439,135.8597421559354,135859742.1559354,66917968.68719084,36207205.96025743,0.49255185992024453,0.26650430352429183
10502593,66.08313755289944,66083137.55289944,19871787.988226116,17458148.38243818,0.3007089058433217,0.26418461696772433
10502730,86.03536993918074,86035369.93918075,14839927.560825465,17941821.47614492,0.17248635731230025,0.2085400631022819
10503211,114.05099368325804,114050993.68325804,50089252.707870565,20580995.379627954,0.4391829574670628,0.18045432762107633
10503367,143.107934961176,143107934.961176,35705229.64002234,8004481.136372076,0.24949860152554693,0.05593317476451341
10505136,76.18010220904331,76180102.20904331,19351001.673281517,4658030.547684426,0.254016483466786,0.06114497634700565
10505151,118.8098413581847,118809841.3581847,27903993.447801687,9428586.466826422,0.2348626437744116,0.07935863190323918
10505231,64.90526523553626,64905265.23553626,10391477.254104566,16881998.880176496,0.16010222308459393,0.26010214762874795
10505310,124.01549734210762,124015497.34210762,34557019.28112619,23431047.28438086,0.27865081398494596,0.1889364457390697
10505508,79.31812830210596,79318128.30210596,25356794.140734408,18957523.2169594,0.3196847263485057,0.23900618462344703
10506127,74.37451045704073,74374510.45704073,20909252.58826719,15303738.70865633,0.28113465836315693,0.20576590843573866
10506548,72.98214378449171,72982143.78449172,18429828.93344232,7789688.420261825,0.2525251791433202,0.10673416833662659
10507175,87.06511651675652,87065116.51675652,16705857.00368018,17469314.671174318,0.19187773096777488,0.20064654330086584
10507344,82.85550874811474,82855508.74811475,36744853.02195854,5798279.474653981,0.4434811103950238,0.06998061519700598
10508369,111.2641671818151,111264167.1818151,49536223.716026634,13228794.422366416,0.4452127308433472,0.11889537087667625
10509319,104.4715400191636,104471540.0191636,33962361.86829078,24455696.608891893,0.32508721381977274,0.23408955782987306
10509474,124.96431048909086,124964310.48909086,47994577.53321486,16144158.735514386,0.38406627736648613,0.12919015575189957
10510388,79.49542854260402,79495428.54260401,36917037.03782111,11698528.522707112,0.4643919495073373,0.14715976424276417
10732047,146.05537283750306,146055372.83750305,23979856.35237114,18779095.57423016,0.1641833223009908,0.12857517809442887
10732070,104.34827586001057,104348275.86001058,15750416.34856256,23613138.66522286,0.15094083940296896,0.2262916034846737
10732192,117.94241484095174,117942414.84095174,21151396.00432006,35270954.409242675,0.17933663672092215,0.29905233377497337
10733465,118.82592484926856,118825924.84926856,39990661.830209464,30103465.477718044,0.3365482901221924,0.25334088933794946
10733640,65.22977927493349,65229779.274933495,8436631.46344339,3751381.64641125,0.12933711499902958,0.057510261235129326
10734370,64.50244515513366,64502445.15513366,25383743.1160328,8772760.667674338,0.39353148636432034,0.13600663736971724
10734393,96.20438220497799,96204382.20497799,11540784.945683155,21217770.421910282,0.1199611148803364,0.22054889741615524
10734407,102.19335334143763,102193353.34143762,11267940.570848055,17311156.290048975,0.11026099254420983,0.16939610771172925
10734762,77.20447531611885,77204475.31611885,37561388.449949734,5960344.849649484,0.486518278845263,0.07720206406745796
10735130,68.01209469440565,68012094.69440565,16411978.120682923,19201017.873611633,0.2413096993178317,0.28231769599049
10735173,100.39210871922305,100392108.71922305,32502425.2585257,7952138.063803614,0.3237547818566953,0.0792107882308178
10736053,115.96383484086951,115963834.84086952,33996839.934459314,23513862.319668517,0.293167606789748,0.20276892663937196
10736174,72.87544534222673,72875445.34222673,26153658.379392825,20859645.74416431,0.3588816268164666,0.2862369574032292
10736377,71.84182308637341,71841823.0863734,34259111.85050722,7477691.600132862,0.47686863137254265,0.10408549336425725
10736466,145.48990589630154,145489905.89630154,46970484.820514396,12297945.791770589,0.32284359888164876,0.08452782834663454
10736596,122.48929341642392,122489293.41642392,28057779.252055362,13227044.91321815,0.22906311620778155,0.10798531483278691
10737199,53.4336848258648,53433684.8258648,6208661.435817695,13268873.490599057,0.11619377282422355,0.2483241336217225
10739309,148.16170341916325,148161703.41916326,53033634.92381501,36472244.53609104,0.35794428452120264,0.2461651269822922
10741504,50.849616629188866,50849616.629188865,13638245.973394878,14774620.22587179,0.26820744928814677,0.290555194026592
10744039,76.4961881651291,76496188.1651291,36882487.66841529,22528867.78299243,0.48214804623726637,0.29450967850006216
10744154,141.73241515346024,141732415.15346023,47350180.09971604,16179569.805918822,0.33408151585117496,0.11415574756417192
10744649,58.0387716389803,58038771.6389803,20523381.455635797,6571189.599680014,0.35361502106381204,0.1132206870358131
10746033,135.4715704220328,135471570.4220328,48303065.66837193,35856916.14183608,0.3565549990886946,0.2646822210012883
10746244,64.46773973713633,64467739.73713633,20449015.28717759,7218904.308662513,0.3171976459940635,0.11197700335233095
20101014,67.92410777291673,67924107.77291673,17334317.963254903,17414837.205346692,0.2552012611075708,0.2563866906219485
20101387,128.46734732992243,128467347.32992244,36536867.287888244,24841827.87765063,0.2844058669169557,0.1933707544676958
20102311,139.54240566120944,139542405.66120943,52069910.0347768,25081319.002541177,0.3731475732272789,0.1797397635772119
20103365,96.07343260722975,96073432.60722975,18785864.846095998,25333778.747784555,0.1955365217655637,0.2636918246832593
20105073,53.84836822022203,53848368.220222026,9316636.827033903,10333971.43158376,0.17301614022790696,0.19190872022938993
20105181,81.5305260212538,81530526.02125381,37479925.64915431,19812170.07299178,0.459704205016215,0.24300309393106378
20106042,51.52932496924127,51529324.96924128,19226864.189360376,13467080.758365138,0.373124705220517,0.2613478978504738
20107490,84.91736851311015,84917368.51311015,38087120.50185361,9633613.538799372,0.448519792461226,0.1134469156013951
20107615,115.93100188869683,115931001.88869682,28626477.178680226,32660421.84093841,0.24692685056033561,0.28172293268279586
20108739,76.52161321933526,76521613.21933526,25278669.49841451,11522252.220091743,0.33034679268924727,0.1505751347278227
20109486,115.20188384409447,115201883.84409447,39366907.35994987,17421605.132914793,0.34172103828810707,0.15122673824059923
20109653,142.74801966235242,142748019.6623524,65356848.908118576,39132719.22303541,0.45784767496396617,0.27413843859688974
20110170,96.61387585844342,96613875.85844342,43570240.595836654,14586714.257624144,0.45097290848443794,0.15097949572995378
20110620,70.7109560665533,70710956.0665533,14432670.305947782,7888947.875173511,0.2041079785763853,0.11156613223767499
20111107,142.27142446397778,142271424.46397778,69346640.63003351,30707835.13348785,0.4874249406815466,0.21583979530100844
20111530,144.58566109425985,144585661.09425986,35986276.67513406,36039412.6118708,0.24889243098368863,0.24925993586857548
20111718,63.49056539189854,63490565.39189854,21832361.414991613,5108959.422332872,0.34386780587368093,0.08046800955067222
20112290,139.9638533768082,139963853.3768082,69602994.68871723,7862743.109942494,0.49729264384664584,0.05617695512265268
20112334,79.21491668384107,79214916.68384106,20823342.658516396,10773664.548093734,0.2628714834306468,0.13600550248753135
20112661,62.81754432202459,62817544.32202459,22410191.74243997,12794193.945138955,0.356750522235596,0.20367230338631936
20113112,61.8076690233249,61807669.0233249,30614698.370308354,6895711.248456217,0.49532200217346845,0.11156724331173083
20113529,125.94500770851805,125945007.70851804,44297008.37051259,9955419.493624672,0.35171706426849225,0.07904576509030899
20115434,58.84425144188402,58844251.44188402,21363262.073751222,3813981.062460704,0.3630475628507245,0.06481484544378106
20120081,126.31517436063376,126315174.36063376,52454180.16578496,35879725.829208255,0.4152642818354242,0.2840492127000555
20201109,73.96185539861884,73961855.39861883,30706308.34266507,7042326.828411789,0.41516411638367956,0.09521565934841729
20201206,91.87837899229206,91878378.99229206,44028689.75063701,8178004.079899316,0.479206209703925,0.08900901571832685
20201264,64.30177057100683,64301770.57100683,23120680.90132109,8491779.757130379,0.35956522963531,0.13206136754435277
20201269,115.26697971224407,115266979.71224406,23102430.664580986,23775439.712317705,0.2004254012923266,0.20626409897848824
20201354,95.77859268543338,95778592.68543339,11921758.73817433,27777159.248267785,0.12447206002837277,0.29001427635814814
20201450,89.38301513377255,89383015.13377255,11788479.951310167,26378137.5075897,0.13188724875377356,0.29511353435674115
20201646,130.4673137518215,130467313.7518215,63266262.89959746,30614665.91006814,0.48492040711395556,0.23465391468321478
20202343,95.90151104137826,95901511.04137826,41172698.62827541,20106880.07732916,0.42932273101005447,0.20966176506492917
20203135,119.15683373154117,119156833.73154117,40197632.41930729,18514589.522177357,0.33735062572971725,0.15538000584918604
20203494,128.19890770932392,128198907.70932391,58970035.37612638,26954773.706827596,0.45998859451933916,0.21025743657617119
20203656,111.48812582415617,111488125.82415617,49952588.386593,9905674.252206385,0.44805299234629126,0.08884958984627687
20203694,146.13908947704323,146139089.47704324,35633166.34608417,12352071.132048668,0.2438304937686212,0.08452270488512272
20204124,105.0878047421661,105087804.7421661,44534192.72386226,16858089.913827997,0.4237807882001847,0.1604190891149499
20204712,71.90125272710094,71901252.72710094,12914996.464515682,7357600.642093389,0.17962129969465437,0.10232924132794936
20205207,104.18798429336826,104187984.29336827,51420440.80560942,8837084.28768827,0.4935352301357693,0.08481865109133092
20205484,74.45569808332081,74455698.08332081,16860320.677324697,15274532.833737263,0.22644768783789915,0.20514927973201003
20205525,58.33270172105411,58332701.72105411,12356981.032122672,7191003.752074593,0.21183625423717772,0.1232756848201861
20205634,125.63620917434525,125636209.17434525,21725818.866507888,21266638.196002882,0.17292641197378844,0.16927156856898784
20205700,76.44975485011142,76449754.85011142,24627360.11622468,13267833.567560675,0.32213785596185973,0.17354972025186732
20205721,81.36404370419886,81364043.70419887,37471013.4769769,7754894.666247993,0.4605352901731846,0.09531107738992321
20206243,148.8342858116839,148834285.81168392,47881425.322413445,7459069.087914792,0.32170964547104786,0.05011660483494075
20206362,90.05578315951854,90055783.15951854,10409873.993333362,9465133.243890187,0.11559362017755191,0.10510300295900275
20220038,94.1312095826681,94131209.58266811,11421492.83782148,15660286.86835816,0.12133587668169579,0.16636657425085938
20220153,142.0598729937791,142059872.9937791,43656571.214318916,20835445.95283812,0.3073110674696342,0.14666665198096102
20301075,129.0066378280514,129006637.8280514,58824132.869212024,27766958.667777542,0.4559775671978734,0.2152366663860133
20302432,135.94820876566843,135948208.76566842,45316858.055918865,31036108.549451705,0.3333391330961245,0.22829361880705695
20302539,96.83567139328028,96835671.39328028,38595866.28512683,26873224.1162702,0.39857075114785756,0.27751368612016475
20302592,71.2503573728027,71250357.37280269,30972115.45049519,8161841.52483245,0.4346941768788616,0.11455158718892187
20303065,56.56388165009181,56563881.650091805,8632368.056401163,14801614.69641094,0.1526127239605232,0.26167961364417636
20303447,57.98140190761454,57981401.90761454,15746678.22045835,9282978.294575553,0.2715815365338792,0.16010268791649285
20303654,63.69895530226886,63698955.302268855,6467091.272263308,6074522.603655885,0.10152586084929026,0.0953629863289064
20304084,76.93489241692694,76934892.41692694,20582689.404738005,14708353.616427362,0.2675338686794534,0.191179231612096
20304164,127.73739503357915,127737395.03357914,56636516.78385811,25593680.011466097,0.44338243134651145,0.2003616873879268
20304285,72.95260087960108,72952600.87960108,30274398.624429863,5591786.684405963,0.41498724184479563,0.07664958640247098
20304314,92.17935814702372,92179358.14702372,21551505.27365009,12379366.46173186,0.23379968907221063,0.13429651399814574
20304662,95.81365349742393,95813653.49742393,36902936.648669764,14633956.726314612,0.38515321461634844,0.15273352170740534
20304680,80.96859921393008,80968599.21393007,31174177.818233404,10125312.291090166,0.38501564953429634,0.12505233373665897
20305023,67.70109026732447,67701090.26732448,20078177.09830825,15153869.637421105,0.2965709565241501,0.22383494235594353
20305172,76.80307873765429,76803078.73765428,10871334.192434024,6489498.745622635,0.14154815628639805,0.08449529435909221
20305301,135.23543812200487,135235438.12200487,63624211.05029596,22645403.58587319,0.4704699591603817,0.16745169683587868
20305340,149.4072274713687,149407227.4713687,49159782.955071315,7777431.778195764,0.3290321612084792,0.05205525803419499
20305382,87.0674245364184,87067424.5364184,14920213.028101353,10736516.156261789,0.17136389536663688,0.1233126650228518
20305717,96.17509087635645,96175090.87635645,35543040.12158996,28189011.777971078,0.36956596347056647,0.2931009632651257
20306272,83.49885536626942,83498855.36626942,34102532.76697164,6076160.478604151,0.40841916475836926,0.07276938650177837
20306296,86.5438704999995,86543870.4999995,12512512.481343074,20952086.978235416,0.1445799963539087,0.24209787310397146
20306433,118.71734944748366,118717349.44748366,32053191.79662068,19920039.523939915,0.26999585103439216,0.1677938365087222
20306557,123.53263140408637,123532631.40408637,59278557.74878455,13603224.557340745,0.4798615319289933,0.11011847155464026
20320675,81.70375893102701,81703758.93102701,27366991.26334505,17154605.256565146,0.3349538824333385,0.20996102848887022
20401171,64.50200859055633,64502008.59055633,26699364.370890163,15670773.6110458,0.41393074346523817,0.24295016470758618
20401627,120.75260026204575,120752600.26204574,19390479.75267272,10306284.913827179,0.1605802252754256,0.08535041805693182
20401737,93.93909973658948,93939099.73658948,19429953.756402474,24751993.873646446,0.20683563937577812,0.2634897922489403
20402045,141.62952755756362,141629527.55756363,68726050.94311291,15846815.032434123,0.48525227845005714,0.11188920351367672
20402072,90.93341091239465,90933410.91239464,12031824.179759946,22163651.276398335,0.13231466915225934,0.24373496005501016
20402198,52.77150069868163,52771500.69868163,24150406.09047938,3225713.614074729,0.45764107085707195,0.06112605424077537
20402201,122.61386398251467,122613863.98251468,15378687.180848897,14511293.004736688,0.1254237219295362,0.11834952862105437
20402298,148.57818902804854,148578189.02804855,50185155.93771959,28016841.057730157,0.3377693338841655,0.18856631138801366
20403049,96.6361826868266,96636182.6868266,10197011.225532891,25699401.558825508,0.105519598788156,0.2659397426956605
20403668,145.26493888205664,145264938.88205665,66957414.37733169,35379980.794065624,0.46093307092976976,0.2435548527149507
20403697,66.25897083716603,66258970.83716603,20797537.502858933,10216699.782192992,0.3138825918979285,0.1541934571742885
20404032,71.2859688047688,71285968.8047688,22450457.969839625,16486992.80301039,0.31493515969916597,0.231279634399911
20404509,84.15120417790759,84151204.17790759,21492400.081499714,15553038.13029054,0.2554021691247784,0.18482252609729993
20404575,90.59460360451402,90594603.60451402,34327352.34805371,6991898.407616025,0.37891166782856034,0.07717786854213514
20404660,139.94581883687817,139945818.83687818,51339959.04220654,9885716.141689904,0.3668559694666459,0.07063959626555734
20405132,147.25097699578845,147250976.99578846,50164232.64475754,18640249.590478014,0.34067164556872376,0.12658829143803335
20405366,101.02122295752031,101021222.9575203,28751377.149981588,14729387.528198779,0.28460729644969374,0.14580488235024164
20405704,119.67442773545169,119674427.73545168,21039084.475635774,31738838.55951338,0.17580267458762433,0.26520986279269454
20406177,112.76189745918592,112761897.45918591,37414927.99858419,24806964.663111698,0.3318047039083082,0.21999421100634248
20406348,136.053275438247,136053275.438247,64709489.14801846,31491816.25535605,0.47561875257747355,0.23146679970707373
20406598,60.778152827822474,60778152.82782248,13348641.267974965,18012027.67810114,0.21962893979009418,0.29635694472530527
20407398,106.16748288061666,106167482.88061666,30171795.44516357,6413519.117537745,0.2841905508779104,0.060409448764549
20407481,130.83294068333274,130832940.68333274,16095858.990105446,8271448.537828135,0.12302604302890177,0.06322145244635523
20421229,127.42271169746721,127422711.69746721,17090044.90648614,7573887.725200146,0.1341208696536148,0.05943907192292701
20501111,126.74619528407321,126746195.2840732,22786155.217750303,29662671.102643535,0.17977782423117508,0.23403204361410063
20501330,148.12000347782623,148120003.47782624,52147957.2983412,42910853.377496704,0.3520655959621809,0.2897032971236766
20501664,52.83038158626157,52830381.58626157,11040499.78260676,2819897.4159465707,0.20898012566083413,0.05337643475737981
20502159,60.609773749426324,60609773.74942633,29088237.049695846,8950596.181672253,0.47992650772716616,0.14767578936486248
20502240,65.33292300533287,65332923.00533287,17409956.599719275,18276299.310424242,0.2664806011862988,0.27974103208167217
20502740,108.08818138248114,108088181.38248114,37797139.00731423,11728848.246901972,0.3496879910816999,0.10851184742759466
20502758,93.08372828129181,93083728.28129181,30364136.206058662,15858726.436040174,0.3262024068728811,0.17037055486342717
20503239,56.41294099119154,56412940.99119154,16856550.09577216,9257711.539441042,0.2988064405010223,0.16410616742861472
20503476,77.91831231067445,77918312.31067446,20248956.130863283,17031693.24688283,0.25987416218830584,0.218583959813893
20504373,89.07602543454811,89076025.43454811,24803815.79268035,21752877.02185471,0.27845669664399053,0.24420574352903113
20504729,100.58712192205799,100587121.92205799,50133296.8457042,25759813.541982014,0.4984067133817689,0.25609454818622346
20505317,125.57388921100048,125573889.21100047,17182325.62556435,28609732.10477326,0.13683040107719427,0.2278318548906344
20505648,98.90237028132606,98902370.28132606,48111898.11826106,8594922.39191671,0.4864584941837856,0.08690309815092
20506412,132.57275903360136,132572759.03360136,26696356.017109618,7010006.544955559,0.2013713542036435,0.05287667388123703
20507089,104.04681404333454,104046814.04333453,43618434.193371266,30962813.766128138,0.41921931578995386,0.29758540951799267
20507371,85.71832017291672,85718320.17291673,16489967.331114108,21970348.000538886,0.19237389741013874,0.2563086625615018
20507422,130.5977480882555,130597748.08825551,33508178.58376705,30989603.673795402,0.25657546990108016,0.2372904902835936
20507459,68.63785466823902,68637854.66823901,26426253.895078726,17437886.91850596,0.385009904852213,0.25405640958319525
20507571,138.92890317862305,138928903.17862305,65268569.54266659,22934626.340089522,0.4697983504465574,0.1650817491202829
20508349,117.34137074911249,117341370.74911249,32212745.742352776,14583317.042140039,0.2745216417424237,0.12428112053779071
20508547,145.33772520242428,145337725.2024243,49975545.83589865,38318673.41464467,0.34385804350724103,0.2636526294964021
20510584,70.98429958051386,70984299.58051386,16963971.437951792,13102875.56131027,0.2389820219147253,0.1845883616340871
20520255,73.27457040711388,73274570.40711388,13466361.882192237,21279509.527312227,0.1837794722967745,0.29040783738591935
20520582,95.65587777400481,95655877.7740048,45545429.85383391,9614688.000460418,0.4761383295382944,0.10051330063768733
20601141,64.87558119863817,64875581.19863817,30856086.101575747,9710986.74361536,0.47561941691280696,0.1496863159326765
20601626,53.972661482723,53972661.482723,26468947.445454713,14813729.06733857,0.4904139747477081,0.27446727028795015
20601658,85.19081111417387,85190811.11417387,41853288.39309979,8892451.402393319,0.4912887651346276,0.10438275309382293
20601701,125.10734369691355,125107343.69691354,57695929.25707151,28686821.907298,0.4611714033098354,0.2292976659851001
20602363,138.89850338825931,138898503.38825932,45042120.61699414,36214152.577112384,0.32428082029861105,0.2607238501043018
20602479,73.33309694169273,73333096.94169272,16402914.416960087,13002126.293701971,0.22367682671307434,0.17730229372475548
20602607,144.43036912570076,144430369.12570077,37065362.694240324,17254043.113432612,0.2566313644326531,0.11946270869401475
20602617,57.92382452361954,57923824.52361954,12572454.258869844,14052104.080480373,0.21705152175756603,0.24259627529860983
20603090,57.829149437451086,57829149.43745109,13130152.427029738,15886771.579715589,0.2270507616791341,0.2747190946825004
20603121,120.53805876830577,120538058.76830578,49003761.36616757,6708936.602545066,0.40654181647608045,0.055658243305881996
20603133,56.780284545936745,56780284.54593675,27022401.147306055,12795921.26816802,0.475911689478136,0.22535852665225342
20603189,147.06473939490797,147064739.39490798,48235371.34686151,25138947.42548112,0.32798733092190574,0.17093796602036843
20603337,77.42098102770134,77420981.02770135,29830397.34607197,15066756.537457982,0.3853012058242792,0.19460818420871046
20603455,62.87238146425671,62872381.46425671,13180068.597032858,16632422.569810938,0.20963208789102092,0.2645425890105111
20603533,126.84544648647604,126845446.48647603,58096323.1691278,8338473.653854937,0.4580087403872388,0.06573727228548142
20604071,92.24508615270958,92245086.15270957,28802206.14167416,7749173.022931318,0.31223566851022055,0.08400635032312447
20604376,140.00753856410705,140007538.56410706,51088779.572242156,25330874.240901303,0.36490020534751044,0.1809250737545302
20604638,99.24585406024934,99245854.06024934,44224641.77093863,16715635.86585765,0.4456069443877333,0.16842654057579132
20605302,50.798362805163045,50798362.80516305,11505504.914592246,6494514.347560883,0.22649361670811263,0.1278488909666355
20606168,66.33431231982223,66334312.31982223,11624553.885684453,8960813.835526504,0.1752419446159053,0.13508565208791357
20606297,59.93855165839753,59938551.658397526,19351600.38263439,8757241.553440407,0.32285732382929855,0.14610365634708322
20607260,68.13494935404732,68134949.35404733,29094770.241339725,8310282.813456048,0.42701683228904386,0.12196798988245529
20607315,77.05681695558776,77056816.95558776,34161206.41855635,8742571.155237177,0.4433249096993638,0.11345616780765834
20607733,57.5378433821608,57537843.3821608,6908207.781026597,11247447.384903872,0.1200637245845825,0.1954791268452558
20608499,137.89254011293394,137892540.11293393,57507245.61929466,25196801.44536259,0.4170439211011433,0.1827278069192606
20609754,117.32928058429036,117329280.58429036,24651217.77981057,33304246.245368827,0.21010286313057996,0.2838528121839354
20610050,94.39773314234915,94397733.14234915,13446650.987886695,4785278.374159971,0.14244675735602166,0.0506927255016167
20610249,139.87133153005882,139871331.53005883,30594906.352714848,17054306.882582065,0.21873607706479792,0.12192853743525732
20611336,111.16677463354853,111166774.63354853,16529278.704221545,13469799.368520172,0.14868901934691237,0.12116749283157831
20612564,118.17217814246878,118172178.14246878,29467870.337161433,25678311.974365428,0.24936385873868608,0.2172957491179317
20613324,121.26455616929441,121264556.1692944,35644756.08464298,21766861.871581182,0.29394208176443765,0.17949896127268228
20614477,93.94639884109088,93946398.84109089,44075022.509402856,24199589.565788068,0.4691507397101531,0.25758932608711654
20614589,79.31642398516797,79316423.98516797,35689044.23835148,12056874.480705934,0.44995780754091064,0.1520098092541407
20615064,138.67585788837334,138675857.88837335,55594782.431314275,30169271.884114884,0.4008973391465521,0.21755244455310696
20615735,86.90863473257484,86908634.73257484,12094060.336072514,19760243.18302853,0.13915832843637405,0.22736800829782283
20615752,93.67942151994606,93679421.51994605,26240387.22194215,27566095.183014814,0.2801083396565925,0.2942598783783639
20701527,77.62734515170268,77627345.15170269,18031675.108525775,6417822.971223221,0.23228509326562055,0.08267477083856516
20701659,105.36445948514624,105364459.48514624,51751073.94290927,24918535.771354113,0.49116252478099487,0.23649849193092481
20702011,103.81429651211306,103814296.51211306,48368169.70722675,6871495.1589759765,0.46591048952090286,0.06619025885489875
20702282,93.17337854400448,93173378.54400449,43376638.26403548,19076140.340356957,0.46554755169202433,0.2047380983544303
20702464,85.32785466954707,85327854.66954707,37147805.98021749,6554670.753003233,0.43535380239057253,0.07681747980642188
20702471,104.17430778690593,104174307.78690593,41640362.61093797,6819634.626873785,0.3997181598376016,0.0654636903450677
20702542,88.20579418598419,88205794.1859842,33897855.98666622,17966316.014023945,0.384304186584293,0.20368634713657818
20703025,127.90989892058833,127909898.92058833,39751241.87828027,33420460.7229212,0.3107753364965088,0.2612812691195228
20703083,65.34122100893018,65341221.00893018,21752831.620583188,5519662.427450911,0.3329113121043488,0.08447443041654425
20703316,122.04617867892014,122046178.67892015,35650208.19014077,28969784.050244354,0.29210425575002685,0.23736739948620794
20703565,70.86680105904007,70866801.05904007,21428311.09805421,9034380.991914405,0.30237446558653047,0.12748396790745137
20703595,143.20248002175387,143202480.02175388,23545125.45123893,12811458.723378075,0.16441841962277604,0.08946394448917287
20704037,88.4991712565995,88499171.2565995,17460147.195691224,24659485.482794214,0.19729164632588803,0.2786408633284837
20704289,82.37801486725401,82378014.867254,15954022.69579703,13594226.078375546,0.19366845294227764,0.16502250145602104
20704353,140.09763288814491,140097632.8881449,33115225.903512266,31061059.478554126,0.23637248696379995,0.22171009486900844
20704738,54.737609298667756,54737609.29866776,15691754.039496575,11127707.939720398,0.28667225771364646,0.2032918149384948
20705328,147.7634923199377,147763492.3199377,40977990.54185605,28516760.691422105,0.2773214810944672,0.19298921705015998
20705372,142.86869840739013,142868698.40739012,66661058.40489743,13732777.95985763,0.4665896669318944,0.09612167054744637
20705495,116.46286502478985,116462865.02478985,19288437.86368132,18039150.019260474,0.1656187820862526,0.15489186201473515
20705652,106.96008192631461,106960081.92631462,29212015.936218306,26778822.90344494,0.27311138333217266,0.25036277479567576
20705657,102.43528480687175,102435284.80687174,20502711.62498974,11778605.925613824,0.20015282491423642,0.11498582688397692
20706163,58.34164344780385,58341643.44780385,28455236.438672863,4118523.863699439,0.48773457100382733,0.07059320958937561
20706294,59.07821312621287,59078213.12621287,17862152.55196869,13064163.497812428,0.30234754246558776,0.2211333553691367
20720368,119.0645119074367,119064511.9074367,40366345.65008855,28353711.93467169,0.33902919521032604,0.23813738855045635
20801046,145.79676773919394,145796767.73919395,70625528.19288978,37500399.243106626,0.48441079516403995,0.25721008651020694
20801208,101.02492737149282,101024927.37149282,37913341.092760935,20650986.022282764,0.3752869918267252,0.20441475742263243
20801271,50.10184489525923,50101844.895259224,15273741.60424812,6232673.599738412,0.304853875863828,0.12440008172888987
20801356,132.88419279559866,132884192.79559867,32688072.19032355,12423196.711047674,0.24598916923553174,0.09348889773636905
20801497,133.05270921698616,133052709.21698616,54521886.58393899,16823053.197756186,0.4097765983481264,0.12643901275486746
20802019,83.65118901545367,83651189.01545367,22050136.436344966,4225131.431843184,0.2635962105962587,0.050508922605542836
20802041,117.98186313833213,117981863.13833213,47521156.04134183,13415037.836901462,0.4027835700952096,0.11370423792318411
20802501,64.15836491612389,64158364.91612389,11562126.620997269,10926643.259524252,0.18021230179591977,0.17030738351591368
20803155,66.32379780648805,66323797.806488045,7261253.367393213,17156150.093267515,0.10948186936730107,0.2586726131595142
20803156,121.14325374368309,121143253.74368308,27372566.8584512,13895925.316487072,0.22595205273556984,0.11470655514906593
20803503,100.99272367155974,100992723.67155975,39135795.870481014,7873972.059361219,0.38751104483284593,0.07796573627391519
20803599,108.89256030155958,108892560.30155958,54159298.792041905,13888631.78708573,0.49736454576930567,0.1275443588489747
20803731,102.37058491879262,102370584.91879262,18612815.90025311,25813925.12867627,0.18181800870843975,0.25216154766677995
20804405,144.0467623046357,144046762.3046357,61271352.57993152,41454079.403969705,0.42535737422790854,0.2877820975684341
20804768,128.86921796431963,128869217.96431963,43938664.81199728,8880538.483862894,0.3409554702517299,0.06891124679845324
20805345,139.9123374284885,139912337.42848852,40430439.93130669,34396993.30010471,0.28896979833512787,0.24584674898799092
20806131,79.16135807168055,79161358.07168055,36906153.670688406,13073413.062160542,0.4662142561686462,0.165148923421988
20806546,147.96106189973347,147961061.89973345,47316038.30804587,24347036.926155988,0.3197870960138811,0.16455029866340698
20806716,131.87777607233667,131877776.07233667,42391376.739791736,23417850.134878162,0.3214444313690846,0.1775723767288369
20807711,59.95662196191377,59956621.96191377,6905898.031391506,14361135.443546582,0.1151815730342236,0.23952542644362457
20807727,58.710693909735326,58710693.90973533,20514942.049924936,16387158.601484437,0.34942428174099943,0.2791170996322893
20807728,69.1521037828563,69152103.7828563,28388324.64963939,5678813.014489602,0.4105200434506119,0.08212061099864114
20808421,83.63746402186523,83637464.02186523,27882346.14117805,9588690.365625821,0.3333714916785234,0.11464587643545794
20820318,71.94377352159867,71943773.52159867,30402553.135816522,16129166.639124459,0.42258769102081073,0.22419127951750023
20901232,55.184014532010615,55184014.532010615,18512753.32342746,2839772.944622221,0.33547311627153836,0.05146006445353758
20901276,94.50131295226859,94501312.95226859,35956640.07706209,21080878.053639896,0.38048825940887543,0.22307497531052906
20902437,76.2511860007975,76251186.00079751,16221722.323402299,12574139.539741632,0.2127405903330164,0.16490418312457616
20902449,96.26699353246217,96266993.53246216,15480564.348169163,15655985.83174067,0.16080864042927617,0.16263087956996725
20902461,128.34874750850793,128348747.50850792,41849704.24869351,30168860.096933637,0.3260624280413753,0.2350537943109559
20903543,82.17726720814701,82177267.20814702,32305353.22010287,11546369.96781563,0.39311788183800944,0.14050564541857785
20903583,54.03029884639889,54030298.84639889,17249991.607859246,4554875.4076152425,0.3192651526303552,0.08430224346091737
20904018,133.45379732781285,133453797.32781285,22825890.56269542,28418033.49157006,0.1710396483258279,0.21294286157901265
20904160,99.03185066083805,99031850.66083805,41862608.39927379,24334713.518451285,0.4227186316313917,0.24572613109889502
20904342,74.41488584721992,74414885.84721991,12681171.142509649,21435856.077206038,0.1704117529461131,0.2880587107425747
20904602,142.8257314047966,142825731.4047966,37995600.374197654,17490807.37696234,0.2660276968336367,0.12246257873092843
20905295,123.5195052526841,123519505.2526841,54895415.077668644,27439724.524982836,0.4444270964765361,0.22214891865741637
20906110,92.1703964252394,92170396.4252394,16729579.003288224,22349890.91166293,0.18150707442012362,0.2424844828544403
20906524,84.71237346531858,84712373.46531858,18751083.41308153,13943198.034947388,0.22134999464698346,0.16459458594505988
20906605,57.1051788771879,57105178.8771879,27553973.16637719,16257365.794129217,0.48251268463120633,0.2846916184098257
20907238,78.56523041763941,78565230.41763942,23473077.54775225,18918103.087132353,0.29877182849173045,0.24079485271750534
20908051,121.5829431073748,121582943.1073748,24955656.05964749,10239796.630752794,0.20525622609421573,0.08422066754634831
20908088,57.56348747189261,57563487.47189261,5882577.30269025,10888890.776725935,0.10219285802589054,0.18916315280659146
20908119,87.6477949471908,87647794.9471908,26546813.43207978,14564832.157827878,0.30288056246109396,0.16617454171669033
20908293,109.15715429880998,109157154.29880999,48806796.1903038,12106126.798215901,0.4471241166355313,0.11090548188052095
20908329,123.99565238522507,123995652.38522507,25080613.434996642,10382170.00287321,0.20227010344747512,0.08373011313830804
20908538,124.28225106274645,124282251.06274645,42553134.84070917,23022637.797030408,0.34239108542719704,0.18524477630685138
20909113,79.26078771666408,79260787.71666408,9433552.845057113,22130797.73221643,0.11901916593081965,0.27921496076127905
20920520,82.92423950753638,82924239.50753638,8395900.280954,19973323.825254235,0.10124784177479201,0.2408623093063037
21031643,65.73484002588857,65734840.02588857,21162426.987182077,5782334.701870112,0.3219362362310094,0.08796453599937014
21037030,122.92878411686189,122928784.1168619,17730376.17969736,32163600.389930815,0.14423290937980832,0.2616441756989525
21037224,76.54695633111693,76546956.33111693,37579097.88377048,8072323.195449893,0.49092870160918844,0.1054558349848906
21037536,98.0423341192294,98042334.11922939,35087701.23580408,24923355.92454466,0.35788316905158424,0.25421014450997603
21038392,139.97258404288033,139972584.04288033,41562327.99604218,39362229.64189627,0.2969319190628762,0.2812138527773248
21038763,50.64289624279669,50642896.24279669,13945569.9812629,8302038.679492677,0.27537070380816697,0.1639329362145937
21048764,135.6693460648404,135669346.0648404,18972216.781933222,30671042.648011316,0.1398415878916807,0.22607201654346232
21051203,123.98488388029072,123984883.88029072,48133850.06175289,21020179.122623336,0.38822353625161965,0.16953824099168924
21051517,114.51523812328146,114515238.12328146,55724042.86794845,17903859.623954557,0.486608103700214,0.15634477923959905
21052427,90.70772422264741,90707724.22264741,29288384.940509867,15310259.279151076,0.3228874408602713,0.1687867203191114
21052642,112.40184281878183,112401842.81878182,36721944.77793556,15080062.78047337,0.32670233740864874,0.13416206000097325
21053430,144.85968867324942,144859688.67324942,26077952.61283154,20519556.795028355,0.1800221500658743,0.1416512556596265
21053745,59.52827932015374,59528279.32015374,10753821.866595851,5780934.70235558,0.18065064183629215,0.09711241057825103
21054673,56.777194497796216,56777194.497796215,6126472.364860768,12018760.339061007,0.10790375288970232,0.2116828850979509
21055165,84.04970353659297,84049703.53659298,32234155.459653895,24698355.623423815,0.3835130179325381,0.29385416704855855
21055241,60.305655653162894,60305655.6531629,24925986.341009784,5481859.728621373,0.4133275075287648,0.09090125410706586
21055693,141.7756634185609,141775663.4185609,48508487.00170723,20937250.876809813,0.34214960333845723,0.14767873675891235
21056222,128.73782141389532,128737821.41389532,17425981.027801186,15542736.811345097,0.1353602293126914,0.12073170604134124
21066096,65.84183066925439,65841830.66925439,9019000.466083683,16016446.788346704,0.13697979497850157,0.24325640137198934
21066339,87.3626914942574,87362691.4942574,20534835.39978307,12246026.617783971,0.23505268723472061,0.14017455744926238
21066478,91.53912917249076,91539129.17249076,33758679.8198412,4675851.466060457,0.36878961079287087,0.05108035774788251
21069400,145.44229082290354,145442290.82290354,61731203.886061825,18665596.637874637,0.4244377858516286,0.12833678933593412
21074510,82.92197531227912,82921975.31227912,29789888.047614392,14011797.171783796,0.3592520310258829,0.16897568007776248
21077725,98.02085209500812,98020852.09500812,13160546.003598938,8790516.6564679,0.134262717802564,0.08968006774668276
21079006,102.89621755732503,102896217.55732504,27408224.34392665,9615358.555970054,0.2663676566017319,0.09344715271592167
21080308,128.18032736154936,128180327.36154936,18623531.35970165,11061914.220628148,0.14529165077860617,0.0862996252882595
21080755,136.80446475444018,136804464.7544402,34738263.17954275,36105210.59606739,0.2539263849458193,0.26391836451299405
21081573,117.07745056407587,117077450.56407587,53780969.1318888,11279852.345557803,0.4593623184718628,0.09634521670237771
21083535,86.33292183189243,86332921.83189243,37238280.33620108,15286043.625052473,0.43133348838478447,0.17705926430727637
21085094,72.90460030505268,72904600.30505268,25720050.75606607,10118822.640370741,0.35279050496740094,0.1387953928562921
21086069,89.8075545138527,89807554.5138527,16554017.918262323,26631421.620011646,0.18432767719678736,0.2965387685275829
21086436,107.58377311197559,107583773.1119756,15148537.248069096,24609336.985564344,0.1408068968942199,0.2287458068602074
21087057,126.69221121585733,126692211.21585733,55689861.595607825,21557471.338644844,0.439568155462405,0.1701562482157279
21087531,145.94970137013482,145949701.37013483,43931391.95382904,40453166.36190689,0.30100364400484186,0.2771719707689973
21087736,137.34023591504038,137340235.91504037,18258970.977247544,15288226.100216003,0.13294699004698574,0.11131643977714882
21088597,128.777584060295,128777584.060295,58114428.0883179,7708709.978137312,0.45127751473508093,0.05986065070554526
30101280,140.06597574203056,140065975.74203056,44462328.600412555,16539523.016443959,0.3174384668715119,0.11808380249965895
30101545,119.60503345241251,119605033.45241252,56751195.87326755,22293957.881010417,0.4744883575142116,0.18639648547801757
30101552,144.54902281416742,144549022.8141674,16609946.097780548,42178316.554290496,0.11490874012434063,0.2917924710464148
30102028,101.354847074407,101354847.07440701,19618555.176910955,14778933.732537929,0.1935630682024364,0.1458137835449385
30102540,59.10756934054567,59107569.34054568,13767755.048385385,12157965.85880996,0.23292710564806118,0.20569219804594518
30102632,122.95218935128372,122952189.35128371,18031854.587473877,22813105.66253336,0.14665745020575033,0.1855445257453252
30102641,144.8477874610092,144847787.4610092,24898840.66899142,32218114.45974894,0.17189658955400894,0.22242738411466284
30103021,53.10402711986618,53104027.119866185,17000639.008341826,8669713.872964058,0.32013841379615254,0.1632590660854179
30103074,112.20927951295408,112209279.51295409,25355438.854318414,13323690.660675867,0.22596561500416046,0.11873965075355201
30103420,80.47685070883743,80476850.70883743,23057970.73131473,14725009.14053779,0.28651681232827686,0.18297198524594832
30104022,90.41824709611062,90418247.09611061,13347545.449913638,13724185.262613988,0.14762004217717012,0.1517855709813284
30104040,141.80988257860895,141809882.57860896,69051791.2485815,8496418.93376523,0.4869321516453853,0.05991415252075567
30104708,83.43895199942185,83438951.99942185,25606070.058572993,24037497.906991813,0.30688388869925426,0.28808484923394495
30105325,112.58129670602035,112581296.70602036,26092438.336891618,33236601.307377316,0.23176530294393302,0.29522311680391194
30105448,92.33987487406442,92339874.87406442,27958296.63154454,8349893.427562856,0.30277598566897357,0.09042565239503154
30106005,142.68321294051506,142683212.94051507,52933974.42665569,39819514.74473368,0.37098950420133847,0.27907638133530477
30106331,86.86761596512682,86867615.96512681,23952361.646513697,21997223.662884597,0.27573407397446503,0.2532269755361472
30106750,59.93795751884888,59937957.51884888,18859693.346403446,14717807.662019793,0.3146535872610037,0.2455507039490199
30107395,91.89987280619154,91899872.80619153,27868417.096423402,20474767.648238335,0.3032476133584576,0.22279429800101852
30107624,90.51190623511127,90511906.23511127,32979481.247037295,19195943.99362197,0.3643662211838815,0.21208197674855184
30108117,138.53788220182804,138537882.20182803,29458857.724955197,27332181.76919954,0.21264117262914592,0.19729031030935512
30108401,83.14143537577445,83141435.37577444,33835664.69603423,8515942.604221022,0.4069651256693746,0.10242717804583847
30109724,79.40044438788433,79400444.38788433,21837797.410772502,23563811.829704832,0.2750336925583343,0.2967717877571529
30120262,90.7031480955195,90703148.0955195,40027418.807505324,24497919.867089864,0.4413013180683921,0.27008897024490375
30201076,119.1009738359985,119100973.8359985,29082869.611611012,6668789.687581614,0.2441866651036623,0.055992738537675654
30201146,92.23132490134097,92231324.90134096,16570271.601358328,27209489.67086744,0.1796599107633269,0.29501354013913594
30201498,102.20530887626694,102205308.87626694,21408466.618310872,19385733.98751828,0.20946530912820444,0.18967443277322588
30201587,121.02176112624441,121021761.12624441,16149491.664056784,29248286.22375562,0.13344287435389712,0.24167790942362122
30202252,52.67980367818442,52679803.67818442,19000014.593406368,13690635.668765474,0.360669806392513,0.25988395386589097
30202403,63.3159233521559,63315923.3521559,12411399.793229725,7548833.22599629,0.19602335615006267,0.11922487782434359
30203044,122.51154761353057,122511547.61353056,31831526.089689374,9580349.426363224,0.25982469987322077,0.07819956251458814
30203122,140.71754697152596,140717546.97152597,30637370.52205639,25312474.16077642,0.2177224602149711,0.17988143416043467
30203142,136.7027161533514,136702716.1533514,27839870.81644513,25644117.604278017,0.20365265299640947,0.1875904029259431
30203256,120.72027496078097,120720274.96078096,56549295.19852112,14160031.578682981,0.4684324585649974,0.11729621708767003
30203767,148.18546596543302,148185465.96543303,72756561.13000992,24298302.34599185,0.4909831113058126,0.16397223700507763
30204126,135.2905505436942,135290550.5436942,54628371.02679899,10638056.35026626,0.40378556231209883,0.07863118530832301
30205702,119.37526639235006,119375266.39235006,55735634.93883409,29767191.243267465,0.46689432931314323,0.24935811364333876
30206341,114.01216961816405,114012169.61816405,21650417.258601796,32701463.750717904,0.18989566930539775,0.28682432638759303
30206572,135.31316264516607,135313162.64516607,14015834.361715293,6836719.533278307,0.10358071667033047,0.050525162516571645
30207060,138.01561650068953,138015616.50068954,32166193.593164183,18136342.665737744,0.2330619853660073,0.1314079024212969
30207188,77.40379824445259,77403798.24445258,13473774.191237524,11493707.763809053,0.17407122772819705,0.14849022947827745
30207491,135.4019135250721,135401913.5250721,22019939.662928324,12550829.738897093,0.16262650275508062,0.0926931489529731
30208396,108.82068026622196,108820680.26622196,53829196.08422924,32049065.551972028,0.49465961757029997,0.29451263742853195
30209287,50.01863797772687,50018637.97772687,8664390.881913034,5366136.242102168,0.1732232470178668,0.10728273417784166
30212167,69.70994175174317,69709941.75174317,17023306.761769734,16661693.395072857,0.24420199377578805,0.23901459356270677
30212307,127.95981633842086,127959816.33842087,14574551.073669354,18149519.113248833,0.11389943726648846,0.14183764585319514
30212492,84.2190497136769,84219049.7136769,32012234.83698549,18801144.26742342,0.38010681604481233,0.2232409927604559
30222077,134.30609600748807,134306096.00748807,39636216.159051344,9636180.880298281,0.29511851909418524,0.07174790398018142
30301554,110.26725228970353,110267252.28970353,16590525.809351264,13600271.89476403,0.15045741564107554,0.12333917470830084
30301576,148.665493694538,148665493.694538,30853611.586214963,32164902.292377405,0.20753714140020732,0.21635755206562202
30301590,126.38542324884257,126385423.24884257,15411834.896741247,12213225.266805021,0.1219431363251172,0.09663476176962417
30302283,59.30444277518191,59304442.77518191,29099683.910312068,8871631.215718534,0.49068303399504976,0.14959471500896032
30302357,133.77878905341123,133778789.05341123,29765161.52567789,39613247.007139705,0.22249537266923636,0.2961100731097521
30302601,116.39121558807601,116391215.58807601,14568201.330753349,23317115.42257873,0.12516581476657268,0.2003339797145955
30302687,72.01227548327816,72012275.48327816,32301890.017648216,5507413.578435691,0.4485608849445256,0.07647881616675976
30302692,101.68044128381894,101680441.28381893,32404600.605332173,6192116.2305513695,0.3186905976822204,0.060897810359294355
30304139,66.0351790044183,66035179.0044183,21667632.88177083,9042154.339206053,0.32812257358038033,0.1369293530437929
30304143,87.30460765364026,87304607.65364026,22122893.384092603,24994798.488471363,0.2533989210725256,0.28629415056341734
30305082,124.47884790389477,124478847.90389477,45318975.72281426,36065838.62518873,0.3640696912442768,0.28973467566982747
30305258,95.33663968243673,95336639.68243672,21108869.432798248,10236101.899362799,0.22141402825934722,0.10736797451073297
30305277,116.14581176783115,116145811.76783115,39128182.88301528,20048196.801068295,0.33688845329378114,0.1726123094403395
30305506,139.93451438870557,139934514.38870555,27892775.106830433,33272671.830366798,0.19932734414149456,0.2377731610797823
30305561,120.1525088920433,120152508.8920433,32445047.72445016,34072923.43793762,0.27003221175849057,0.2835806239264803
30305580,59.20566998829838,59205669.98829838,11578890.610511497,6148826.224622819,0.19557063728524635,0.10385536091117785
30306024,91.24734595298574,91247345.95298573,42757279.287652776,15388015.438489066,0.46858655274952354,0.16864069061710119
30306056,81.61328337183429,81613283.37183428,24059407.51445915,14107955.659762012,0.2947976912636055,0.17286347365153104
30306087,97.8451996224438,97845199.6224438,33212605.828702055,28355258.664716348,0.33944031957479626,0.2897971364372606
30306460,139.68478394381788,139684783.94381788,47658566.18378554,20343334.86100401,0.3411865261069103,0.14563744372605558
30306555,84.29003146933627,84290031.46933627,38150184.21925444,11004784.256763536,0.45260612143837,0.1305585496283383
30306594,124.14297840959235,124142978.40959235,37341785.70533463,19264225.83967191,0.30079659908054285,0.15517773205112173
30307577,96.82766630238484,96827666.30238484,46693392.58562132,10211195.500223137,0.4822319319336035,0.10545741615143768
30307678,133.77186138144475,133771861.38144475,56347366.04049249,20521113.108197335,0.4212198698485654,0.1534038092636108
30401015,73.57003855317873,73570038.55317873,33532703.702177677,17671910.376167573,0.4557929336674085,0.24020526186612995
30401062,102.34556158436297,102345561.58436297,34234960.430446796,15572998.045953883,0.33450361598951295,0.15216095163166538
30401178,113.18117418696195,113181174.18696195,24836066.551778276,8363287.120342635,0.2194363747344768,0.07389291708997002
30401397,87.66997260836483,87669972.60836484,14753141.484678308,7345504.153459356,0.1682804390801266,0.08378586116677424
30402291,106.3502650675973,106350265.0675973,39411944.74548021,20325605.659978792,0.37058623897579923,0.1911194640376273
30402402,79.67386366539668,79673863.66539668,9460983.863006461,10933735.657445055,0.11874639220132965,0.13723114650700324
30402515,148.7425770114956,148742577.0114956,49487938.41595151,29715640.140443962,0.3327086259378633,0.1997789788067702
30402570,118.72606951516867,118726069.51516868,32311790.34545425,10177516.501433313,0.2721541315854479,0.08572267694024026
30402669,112.94600530131268,112946005.30131269,20103045.782062065,15603704.684021538,0.17798810793203346,0.13815189516791337
30403185,143.45475244174082,143454752.4417408,64525420.99006367,40913147.97137755,0.44979632875019904,0.2851989723239947
30403225,94.06729999870012,94067299.99870013,19793325.892464522,5742139.431347255,0.2104166473656418,0.061042885587516624
30403261,148.12693513952257,148126935.13952258,21442045.418529317,36493620.75780821,0.14475453365947788,0.2463672168970108
30403444,59.00139631489978,59001396.31489978,12358332.90461221,15370399.74707917,0.20945831245507873,0.260509084650216
30403558,148.8211527424059,148821152.7424059,41772887.60217864,27579360.921927307,0.28069186961938947,0.18531882339108302
30403699,121.96920865964846,121969208.65964846,39759614.94992641,30046770.835935682,0.3259807568390024,0.24634718193327237
30403766,107.99398809832562,107993988.09832561,51831825.2864791,23122433.8884942,0.47995102504490916,0.21410852859181245
30404093,85.64865379519051,85648653.79519051,20810962.398750667,7116228.953510685,0.24298061296462872,0.08308629077262027
30404458,70.30866877815836,70308668.77815837,30126932.308787264,12677677.091628397,0.4284952742292043,0.1803145659268514
30404493,148.25578749179766,148255787.49179766,61250562.78755244,13144792.817751275,0.4131411246993725,0.08866293208606456
30405588,73.52216728612211,73522167.28612211,16618345.947493954,4785727.4004546115,0.22603177464588692,0.06509230585967717
30406125,138.0107683945246,138010768.3945246,50092837.09302422,14868069.722158827,0.36296325044598177,0.10773122920130555
30406378,55.70474294562043,55704742.94562043,20610824.630411215,10909929.719428603,0.37000125196756983,0.19585279713217585
30406710,130.12643142397434,130126431.42397434,23307071.976502884,17278297.970818937,0.17911097477624993,0.13278084845440252
30420223,136.95844935103952,136958449.35103953,64828935.47699628,14210873.290437428,0.47334746986535026,0.10376047157202693
30501008,74.49124264941057,74491242.64941056,9346318.301465565,10806105.448816216,0.12546868556688687,0.14506544748722516
30501020,147.6953176313059,147695317.6313059,18420959.690768648,14484056.365644027,0.12472270608302677,0.09806713305428409
30501359,87.18310943020612,87183109.43020612,28023690.923863146,7712675.4787950665,0.3214348640122469,0.08846524893642845
30501383,65.83558907180557,65835589.071805574,14833127.055618238,9353768.163685078,0.225305602406626,0.14207768618099714
30501566,91.9490156612357,91949015.6612357,29527959.055482563,5171911.032718445,0.3211340419811704,0.05624759542585124
30502418,147.2325640463057,147232564.0463057,32188173.12075916,32919681.015429065,0.21862129026453517,0.2235896741231484
30502456,61.34912288815917,61349122.88815917,27893397.543300327,12424536.207593806,0.4546666069562334,0.20252182301357452
30503214,119.29722893947526,119297228.93947527,33617968.60045614,25811260.11582775,0.2818000795099106,0.21636093600231854
30503292,63.60920316685471,63609203.16685471,9231935.233074797,15263248.500087913,0.14513521272791774,0.23995346176638227
30503685,118.52971523467589,118529715.23467588,24800625.188215278,13081434.191673433,0.2092355080674306,0.11036417463564831
30504251,65.42199343229618,65421993.43229618,10744374.934193369,16862823.806590427,0.16423184880956726,0.25775466203183495
30504518,144.3749822763885,144374982.2763885,71543470.53332911,18915637.682441805,0.49553925067410753,0.13101741994489113
30505180,141.37111507157033,141371115.07157034,57385243.004450776,19045947.49385297,0.405919150990632,0.13472304780372424
30506017,148.4413406441281,148441340.6441281,29020591.367988173,37149557.323430054,0.19550208346313624,0.2502642266785508
30506031,137.84155540507976,137841555.40507975,25170611.764924876,31200933.832784384,0.1826053956729894,0.22635361115226188
30506105,88.5919889915075,88591988.9915075,34010373.727752134,21225008.56047053,0.383898974556406,0.23958157844842126
30506326,96.58026713447362,96580267.13447362,39930189.72164691,20267218.156000264,0.41344045638277305,0.2098484375465765
30506457,81.38900719596452,81389007.19596453,24362060.320150215,11750045.498373874,0.2993286336752139,0.14436894985194598
30506748,99.2166010112754,99216601.0112754,46537159.291444466,18210814.730722755,0.4690460952815324,0.18354604516892492
30507667,73.79005474135661,73790054.74135661,20161401.433741026,13059368.790954333,0.2732265412244138,0.17698006644295167
30508364,146.00587496992068,146005874.9699207,49447546.24130085,13915891.619521404,0.3386681957249169,0.09531049091269976
30508435,91.78537059359982,91785370.59359983,11462221.238533309,21672175.959141336,0.12488069900904848,0.2361179763069185
30508473,83.60210287231888,83602102.87231888,26420566.537663084,18728391.117144953,0.31602753555151397,0.22401818224294962
30508629,143.52751322549352,143527513.22549352,27495591.502262726,20982816.58826602,0.19157017971226808,0.1461936886992551
30601052,84.75308963278985,84753089.63278985,12604487.250076175,24044436.2577622,0.14872009155875854,0.2836998198170669
30601144,92.14985573460521,92149855.73460521,22561134.134007394,13610149.131439079,0.24483092191684214,0.1476958267914904
30601190,112.79284060140573,112792840.60140572,38184213.03699921,9691043.322936982,0.33853401362535884,0.08591895789896618
30601191,123.05565510100163,123055655.10100164,53937283.116165265,36804938.20576598,0.43831616736260204,0.29909180667525775
30601428,92.56678303024364,92566783.03024364,21591423.366617672,22382305.514187362,0.23325238989415104,0.24179629864499624
30601526,72.22578757821837,72225787.57821837,22119570.30307713,14068387.2211306,0.3062558546574836,0.19478343806074744
30601608,112.18941051703035,112189410.51703036,41188684.84078949,22701327.139805976,0.3671352282801864,0.2023482166024922
30601639,67.01355981148006,67013559.81148007,6990005.318969171,8581207.458316175,0.10430732733245601,0.12805180746190015
30601746,111.8882848508257,111888284.8508257,36475227.46646254,22111530.676784173,0.3259968415379044,0.19762149992972206
30602059,114.25651719155465,114256517.19155465,38997831.576209284,30824197.593881052,0.3413182244197781,0.2697806510433301
30602217,113.88950262974785,113889502.62974785,16903409.344925214,12149573.60159372,0.14841937979023237,0.10667860795820404
30602220,85.19825642236009,85198256.42236009,23711715.023858592,7715207.9285202045,0.2783122098920736,0.09055593685242795
30602235,89.63208150963806,89632081.50963806,24763511.405823242,21952988.209928,0.2762795529094172,0.24492333370130887
30602408,76.50154542850858,76501545.42850858,30468153.674692873,16860299.60046275,0.39826847293125145,0.22039162092769565
30602443,128.93675132741896,128936751.32741895,29145620.29129435,13114484.02124965,0.22604587126041858,0.10171253646640312
30602445,121.62392010425252,121623920.10425252,29847061.79083431,26575780.567246817,0.24540453691387576,0.2185078440529365
30602472,119.14375700387616,119143757.00387616,14793889.124808894,27411245.688823063,0.12416839536399374,0.23006866979972168
30602512,147.1314938875828,147131493.88758278,29245377.336796857,17709118.80685081,0.1987703418490542,0.12036252972719512
30602713,138.68182309268371,138681823.0926837,50159437.4133756,17545146.024025254,0.36168717929135596,0.12651366727634883
30602734,92.91605374533246,92916053.74533246,21011983.173970915,8144471.888103717,0.22613942722493668,0.08765408731656175
30620179,125.79048422543457,125790484.22543457,42466050.79873877,23828349.514490735,0.33759350765065443,0.18942887183570195
30620196,114.40502837108731,114405028.37108731,27989082.902618423,24264922.163265377,0.2446490622058347,0.21209664040778875
30620323,103.70303501248512,103703035.01248512,34825010.50541248,19629872.981496766,0.3358147666673381,0.18928928144806434
30620644,64.00402492876806,64004024.92876806,23077815.629109688,7641962.783764167,0.3605681932471225,0.11939815960432378
30701411,99.36486412058558,99364864.12058558,26039499.05520964,17172002.135973938,0.2620594239791749,0.17281764824973367
30702134,71.69569625313953,71695696.25313953,32563398.484594937,9524358.155502047,0.45418902648802995,0.1328442103675781
30703381,130.84581696972498,130845816.96972498,13395569.630547706,17529326.630050298,0.10237675105538271,0.13396933150798562
30704158,123.92956630892809,123929566.30892809,18833880.24876097,19895775.774853423,0.15197245346451393,0.16054099410997535
30704313,67.90912955336621,67909129.55336621,21857956.854059402,10376602.033331838,0.3218706674318713,0.15280128167711843
30705248,59.03285198108189,59032851.98108189,9647512.624735456,7839022.628910656,0.16342616527873616,0.13279085061692103
30705391,60.8586390907326,60858639.090732604,13333359.074642774,9364922.490859628,0.21908736826606337,0.15387991961006064
30706619,128.3586979321173,128358697.93211731,25116400.22423528,9098824.04471439,0.19567353540402946,0.07088591728724387
30706743,144.1516049072226,144151604.9072226,61302582.22788158,15134984.367371894,0.42526465291410753,0.10499351968445249
30707534,78.97269494953852,78972694.94953851,15997725.434032118,23688912.855622098,0.20257286957541776,0.29996333379225176
30707722,60.924498478974165,60924498.47897416,17192773.619912732,12647348.180671025,0.2821980327970395,0.20759051771326092
30708338,120.77200880480974,120772008.80480975,53949983.62513129,20213901.992496356,0.446709334050447,0.1673724084954637
30708665,102.25966911134832,102259669.11134832,29621014.12649448,5717483.268577299,0.28966467800947804,0.05591141960719291
30709116,110.56704673066574,110567046.73066574,49968538.34790492,10232471.03460646,0.4519297550709217,0.09254539518932893
30709358,100.18214229649801,100182142.29649802,34598460.79583708,6038813.043375088,0.34535556939319423,0.060278338084472985
30709438,130.9740839457441,130974083.9457441,55303380.5771216,15895521.430674497,0.4222467446310293,0.12136386796382713
30709650,108.48969705486394,108489697.05486394,27771806.86266228,22865786.502443593,0.2559856614644052,0.21076458984746005
30709698,130.22128478225898,130221284.78225897,41625183.373899706,24696841.184751533,0.3196496136825907,0.18965287607203957
30710079,115.77594093792564,115775940.93792564,12450622.645975213,6375824.288432178,0.1075406733481072,0.055070373315736096
30710128,118.49531790587575,118495317.90587576,44016217.04766573,23727218.15968315,0.37145954646603907,0.20023760076773972
30710157,123.65806319823264,123658063.19823264,13411225.897912169,6864560.133229421,0.1084541157369821,0.0555124344962855
30710451,107.81875846975845,107818758.46975845,43009654.37068266,9676837.109989824,0.3989069711162202,0.08975096029049558
30711684,85.97610032723844,85976100.32723844,42751886.3634218,7883656.675746845,0.4972531459405748,0.0916959090461235
30720666,89.62631737497166,89626317.37497166,43268706.0206987,23745437.347468905,0.482767866492544,0.26493822398308053
30801205,52.23260702649396,52232607.02649396,18362954.354590535,5335883.4994385075,0.35156113010549694,0.10215617797388489
30801300,53.717820898346446,53717820.89834645,22235459.777173422,14316684.195121657,0.41393078507877223,0.2665164735966115
30801305,96.48206023417798,96482060.23417798,18579054.62064021,18840525.333876885,0.19256486206395015,0.19527490694278088
30801386,130.1973218751035,130197321.87510352,37075789.36580662,28361166.225701906,0.2847661444324708,0.21783217824486728
30801631,120.72264129568028,120722641.29568027,47812833.15549016,22670435.427902594,0.39605522743976784,0.18778942528582493
30801672,88.4889505129582,88488950.5129582,13478982.978834664,18316030.224916525,0.15232391050745733,0.2069866363963075
30801679,97.95296749989325,97952967.49989325,21150903.945838638,6720329.360758467,0.21592917994915967,0.06860771584858612
30802036,133.81142149010225,133811421.49010225,22618292.48504916,20495601.67296986,0.16903110536586136,0.1531678046965959
30802485,128.7692872843627,128769287.28436269,26192310.17790117,14882492.567366526,0.20340494795207179,0.11557486168655533
30802579,111.02221848494652,111022218.48494652,16064432.263028253,25864386.10807346,0.14469565175556662,0.23296585549297422
30803115,134.90630750418046,134906307.50418046,24579992.362639125,9298263.774143765,0.18220046799425924,0.06892386239135358
30803233,147.9207662731127,147920766.27311268,51548907.68391504,35960589.83322707,0.34848999895483235,0.24310710888849396
30803321,112.29663619543325,112296636.19543324,54232021.46846604,7698960.180211964,0.48293540488678943,0.06855913445896304
30803480,146.98816487012294,146988164.87012294,46789658.8171557,20594784.24886763,0.31832262725708904,0.14011185367927376
30804416,57.80090567996065,57800905.67996065,27174307.122913487,10348469.093916982,0.4701363551875055,0.17903645232162435
30804426,127.58557756473874,127585577.56473874,31421075.2338247,35350183.638997674,0.2462745071470261,0.2770703735777697
30805259,59.61048047161665,59610480.47161665,22930503.97486537,14481201.875476714,0.3846723561603175,0.24293046727532913
30805375,72.1691317879306,72169131.7879306,17031828.75063249,4412504.979375499,0.23599880348679567,0.061141167560968726
30805463,83.9170089481799,83917008.9481799,25568401.284058467,21858156.585039515,0.30468675664843303,0.26047349469446984
30805551,61.67007886349775,61670078.86349775,9840621.35090845,14517445.25652973,0.15956881411956603,0.23540500554025628
30806145,121.59628261720047,121596282.61720048,49489872.67226332,12122942.610968582,0.4070015267494921,0.09969829957000449
30806483,84.94354458915316,84943544.58915316,17402933.097607996,18916570.3749208,0.20487646450099117,0.2226957971487376
30806611,66.86331231336037,66863312.31336037,19261277.50985112,13041123.651923787,0.28806944860256956,0.1950415437213983
30806630,71.47425895100427,71474258.95100427,34963192.46089533,11447615.8137801,0.4891718077813533,0.16016417633133434
30901029,52.476729022471616,52476729.022471614,15104379.478376316,13505367.103505157,0.2878300488566715,0.25735916386331703
30901054,146.05352046705008,146053520.46705008,67753243.81736387,17434570.407337382,0.4638932605027424,0.11937110691741697
30901193,145.1182092874845,145118209.2874845,63547149.40628445,10397462.350793825,0.4378992113966568,0.07164822665497526
30901253,75.44411477424151,75444114.7742415,22700736.10060054,21221313.15700828,0.3008947241084355,0.28128520323302625
30901275,119.9273568296089,119927356.8296089,18439137.527866054,32542377.488753665,0.15375255500764617,0.27135074389231656
30901320,54.6431359384119,54643135.9384119,9510606.886223726,14327134.43263511,0.17404943407609513,0.2621945865036585
30901380,84.95714606305222,84957146.06305222,22847273.33540314,11812187.380343238,0.2689270343244192,0.13903700780599015
30901409,117.62662167990189,117626621.67990188,32300912.247031957,27745712.833473116,0.2746054573847462,0.2358795350679858
30901475,72.76766959250206,72767669.59250206,29647198.008578196,5690097.930349751,0.4074226668876727,0.07819541236120685
30901550,83.9148913948481,83914891.3948481,33385302.781513,24617250.86067193,0.39784717857077123,0.29335974165585693
30901569,63.113639201285686,63113639.20128568,8348899.127566689,10926836.169021955,0.1322835956415046,0.17312955341037228
30901603,65.1316642257277,65131664.22572771,16086919.925162401,15886891.770036105,0.2469907704094546,0.24391963507913272
30901715,50.62101771389763,50621017.71389763,5856655.491941158,10879445.871448347,0.11569612300254595,0.21491954059354035
30901720,83.86308996982524,83863089.96982524,16020569.222003186,10046848.977114853,0.19103242234179,0.11980060573405783
30901732,92.57390185911345,92573901.85911345,44656842.97037806,6741238.993434668,0.4823912795459405,0.07282008058485033
30901756,92.25997505657412,92259975.05657412,19092473.7470458,19881330.17735693,0.20694210826892412,0.21549247292951934
30902236,78.49165024192607,78491650.24192607,11282371.915393589,5593197.9281385,0.14373977207281527,0.0712585085279671
30902299,103.17315833407204,103173158.33407204,38584061.57693345,18030075.59359311,0.3739738338919436,0.1747554876163836
30902346,52.53781814945734,52537818.149457335,7265163.887857319,9414324.442896696,0.13828446143670625,0.17919138583401445
30902425,90.57744353025831,90577443.53025831,42228941.836649805,9021785.548860343,0.46621918427784725,0.09960300486783473
30902606,111.2898420626724,111289842.0626724,39026843.5833802,33183734.958995353,0.3506774999411213,0.2981739783610087
30903114,126.40757265066168,126407572.65066168,47621013.925737955,32431535.433159973,0.3767259581618798,0.25656323235307543
30903528,149.27272007553836,149272720.07553837,47943953.1400817,23165896.170189425,0.3211836236106639,0.15519176014523278
30920609,93.93749251538628,93937492.51538628,22957213.281935994,27537186.859990843,0.24438818481529903,0.2931437291183864
31001034,144.01886070610846,144018860.70610845,16151650.542480407,18667935.079537667,0.11214955085251099,0.12962146060599883
31001092,141.6371994400081,141637199.4400081,30394213.242045425,40323489.15875645,0.2145920235800709,0.28469561187444886
31001123,63.91908439774077,63919084.39774077,7923437.589404361,4127582.01626269,0.12396043629317721,0.06457511172373083
31001228,100.08433126549156,100084331.26549156,40883201.512827605,20809401.820077393,0.40848753242280866,0.2079186777486352
31001242,72.4280699287527,72428069.9287527,19703002.793855514,18218709.74168919,0.2720354527358979,0.25154211287986666
31001333,129.3077512590375,129307751.25903751,47842683.66852071,10932473.67418325,0.36999084125033777,0.08454615881674891
31001647,123.51680592926868,123516805.92926869,53610322.01135877,26345530.026860427,0.4340326128742227,0.21329510448923905
31001749,147.34565585029736,147345655.85029736,32159935.80021712,16423081.205449022,0.21826185247627183,0.11145955481805865
31002169,55.933422139883405,55933422.13988341,25161464.389013685,8882862.137329822,0.44984668247345205,0.15881134744651865
31002245,93.30347473600905,93303474.73600905,13994065.338977365,17240825.804640543,0.14998439638579258,0.18478224796473425
31002677,86.45317958437633,86453179.58437634,26867168.26039756,11825476.002336048,0.3107713144798314,0.13678474359401266
31003100,115.56781045509219,115567810.45509219,47493532.069182985,25506566.96487143,0.41095813689087946,0.2207065000576685
31003226,103.08211387936043,103082113.87936044,40814015.27583375,8447145.71882117,0.39593692581430184,0.081945794482902
31003482,107.01881543925087,107018815.43925087,38989700.43540818,15702098.160076017,0.36432565876736556,0.14672278043471054
31003759,64.2042458876247,64204245.887624696,20933933.3734185,9125845.803268632,0.3260521649932422,0.14213773056756096
31004098,144.11300377284277,144113003.77284276,27113307.73245314,25674388.55630984,0.1881392172991573,0.17815455846565337
31004312,82.49817319963796,82498173.19963796,16118706.028904403,11232321.42442415,0.19538258125908584,0.13615236542563153
31005061,89.32151050268473,89321510.50268473,9265019.251509655,17221351.99570985,0.10372662978232078,0.19280184469330297
31006284,72.85969388283092,72859693.88283092,20349906.419520736,20135232.389870442,0.27930266152704913,0.2763562584033204
31006556,80.33613530423213,80336135.30423214,16560582.364878502,20750495.762052152,0.2061411381337146,0.25829591731628904
31007335,87.87447980612083,87874479.80612083,17252054.593087394,24104565.028224234,0.196326107774987,0.2743067734956338
31007544,76.06045565293151,76060455.65293151,27032803.001319338,14102491.44482617,0.3554120570177973,0.18541160874944923
31007549,95.3498545080898,95349854.50808981,15517541.753728976,7390740.85401524,0.16274321375511291,0.07751182098959768
31007645,133.30896395741934,133308963.95741934,25942189.938171156,32158862.704297557,0.19460199200450945,0.24123556098275228
31101009,134.36661332896415,134366613.32896414,53557714.484766714,24073171.97507874,0.39859391524324284,0.1791603686262554
31101399,111.2317202606362,111231720.2606362,28788068.72465736,21324196.329322707,0.25881168300914226,0.19170966950215484
31102266,105.27094855553625,105270948.55553626,42857781.72225119,6031396.816067839,0.4071187949792372,0.05729402934833387
31102591,110.22826755291509,110228267.55291508,18981254.77073758,22648150.905029893,0.17219952006980088,0.20546590641241502
31104086,100.42387569339195,100423875.69339195,25410374.67340842,8566018.968837043,0.2530312089426804,0.08529862953099211
31104147,57.10020575539127,57100205.75539127,19910925.176283415,12468897.437604668,0.3487014611046909,0.21836869539524179
31104361,60.19959769755775,60199597.69755775,20034911.482853603,6304175.718548904,0.3328080626636215,0.10472122671352437
31104496,97.86671869996871,97866718.69996871,21374848.16927431,5970998.4435536815,0.218407733019061,0.06101153203939584
31104691,57.38418414256594,57384184.14256594,28517972.882855315,5268822.530002109,0.49696572860572397,0.0918166322084877
31104696,62.971709763549455,62971709.763549455,16115421.560949221,10687594.634959381,0.2559152613365672,0.16972057254106493
31105091,112.57722697540777,112577226.97540776,40016356.83333764,15306286.29187136,0.355456941945098,0.13596254502888921
31105559,144.55839445262245,144558394.45262244,24111374.149512563,29044588.083392058,0.16679331726677984,0.20091941525340562
31105581,53.47629780860947,53476297.80860947,9057070.772232544,7388710.028445494,0.16936607699821718,0.13816794227022838
31106066,110.23150439481678,110231504.39481679,11628976.922475806,26991061.024497263,0.10549594679234563,0.2448579575565188
31106182,95.24894756868603,95248947.56868604,18576618.20132082,22762649.057292614,0.19503226729014328,0.23898058339046724
31106519,53.95084989932101,53950849.899321005,9703363.25918306,9897651.495071944,0.17985561445817339,0.18345682252535767
31106574,128.03720450410793,128037204.50410794,53524056.021934055,29483726.987416293,0.41803518148677477,0.23027468540575907
31106682,120.46806311913389,120468063.11913389,20607772.263438873,21634673.659839164,0.1710641951888886,0.17958845771799364
31107406,143.43381019132786,143433810.19132787,35612942.57980315,8598245.070953356,0.24828833963413974,0.05994573426923587
31108265,116.3940453230384,116394045.3230384,54767241.330403715,8404705.447932608,0.47053301720378804,0.07220906726462085
31108703,121.55044353604245,121550443.53604245,30781067.456252787,13191578.80423634,0.2532369817895852,0.10852760730835785
31110462,86.01051967282658,86010519.67282657,14033354.57168874,23877480.652600016,0.16315858368336678,0.27761116597629004
31120097,107.9098518904115,107909851.8904115,49119971.88520514,21460628.24715769,0.4551945074958422,0.19887552314456108
31120218,112.04731302196683,112047313.02196683,18497881.736920662,17257925.101261985,0.16508991816068055,0.15402355162125642
31201007,61.650553429959686,61650553.429959685,29438780.528027095,17448060.80989689,0.47751040161337843,0.28301547738284916
31201058,69.9216123547358,69921612.3547358,33500018.467618242,4707185.223283278,0.4791082090278669,0.06732089070546811
31201104,73.6086058076202,73608605.8076202,13501753.895540092,12378967.14235918,0.18342629570824376,0.16817282444816622
31201106,110.98802413920599,110988024.13920599,22504274.30117114,11506090.643152928,0.20276308615914546,0.10366965924829412
31201197,104.28846984794994,104288469.84794994,38822991.35703416,5767154.943044632,0.37226542314444866,0.055300024551640306
31201230,82.27458584870874,82274585.84870873,19480853.673236415,4981956.375638869,0.23677850787433843,0.060552797978223535
31201234,128.97894434480872,128978944.34480873,19862457.765830345,26775342.339113202,0.153997676649691,0.20759467737255427
31201250,119.18138517926404,119181385.17926404,35505994.99038797,22836547.935165033,0.29791560936284145,0.19161170094487445
31201350,63.93154642683565,63931546.42683565,6538085.83290393,17325293.31002768,0.10226697457390972,0.2709975634619607
31201516,128.98023019274316,128980230.19274317,25546630.387358926,21369614.514212567,0.198066248983918,0.1656813178444373
31201726,80.95532230358859,80955322.30358858,28140824.15877165,21234952.273347355,0.34760931533619777,0.2623045856542289
31201747,96.61201867271845,96612018.67271845,47362841.07317608,24075417.334292233,0.49023756799474183,0.24919691840670244
31201765,68.17487239876493,68174872.39876494,8433126.28516451,11306836.900423268,0.12369845352753878,0.16585050330989842
31204138,90.32802554443289,90328025.5444329,12317144.75608064,16958924.22595816,0.13636016819632313,0.18774820022625166
31204184,72.9615358407858,72961535.8407858,20815745.295132346,9912821.060335713,0.28529752088217775,0.13586365673506567
31204209,123.33690328495415,123336903.28495415,52905973.94419473,29923929.46634717,0.4289549399660395,0.24261943237874034
31204267,108.82464488003353,108824644.88003354,18322504.694704294,21524029.26533973,0.1683672362533571,0.19778634967352715
31204390,138.1447261743142,138144726.1743142,45593339.79852542,29978164.44477014,0.33004039358690174,0.21700549326032903
31204410,65.80601927046956,65806019.27046956,15402303.357234728,14032921.728331396,0.23405614756804638,0.21324678021708976
31204489,107.46914828331363,107469148.28331363,30895487.33458286,13765447.866093872,0.2874823875326078,0.12808743798550404
31204532,97.20752251148485,97207522.51148485,15442433.778782368,25086853.88221074,0.15886048095668603,0.25807523156705064
31204618,97.61603683794857,97616036.83794858,42843834.15728037,22399487.817842502,0.4389015938887685,0.22946524509110805
31220487,125.54458690808453,125544586.90808453,33634377.811167605,11915956.000702115,0.2679078297162464,0.09491413603858677
31220637,91.46792824410907,91467928.24410908,10128772.876588237,18973587.71788377,0.11073578543898606,0.20743432241350396
31301246,119.52712219390546,119527122.19390546,41229872.66442235,27500198.776837304,0.34494156562672273,0.23007496768996505
31301304,77.87114989513691,77871149.89513691,15808413.442801477,9124778.481535094,0.20300731996496074,0.11717790855564265
31301385,62.7075953006965,62707595.3006965,25341577.48803819,4445420.422118918,0.4041229354517557,0.07089125967599562
31301560,129.28578771551778,129285787.71551779,13539582.43373344,6598714.562429742,0.10472599249289583,0.05103975215705568
31301671,102.58564169349134,102585641.69349134,27342850.59337018,24057452.96663382,0.2665368188178422,0.23451091760495535
31301683,74.77561995011119,74775619.9501112,26608403.44818696,19018065.553154197,0.355843301144672,0.2543351103721062
31302162,95.17942099264366,95179420.99264365,21792003.834077127,21992187.95647493,0.22895709604875003,0.23106032509038577
31302415,113.26464924410658,113264649.24410658,28289891.932009816,8867559.989533866,0.24976806197527518,0.07829062332080867
31302578,74.69353503561946,74693535.03561947,19125576.538984075,15666248.845224328,0.25605397481674375,0.20974035889121445
31302651,68.06256972025099,68062569.720251,25353013.83962304,12559901.33814849,0.37249568953726464,0.1845346332025351
31302761,149.05707051900401,149057070.51900402,70323839.33574507,38688906.05999788,0.4717913688420379,0.2595576709329279
31303067,68.44357442253316,68443574.42253315,32279324.033284865,9234208.026377149,0.4716194954110665,0.13491709198836116
31303263,83.42651148599957,83426511.48599957,15690761.799805596,4318631.621408392,0.18807884352732143,0.05176569827126397
31303327,89.83463506052107,89834635.06052107,28675245.260097522,10753740.00778162,0.319200331150443,0.11970594638178124
31303467,136.11596210247603,136115962.10247603,37964426.34132977,36179007.286210634,0.2789123755577464,0.2657954785565338
31303567,77.82337969516888,77823379.69516888,14819220.364423845,18448517.23369783,0.19042118734074706,0.23705623304924495
31303585,72.16182138959195,72161821.38959195,26674336.72528877,12870504.193810638,0.369646112191066,0.17835614381633358
31303610,62.66829127049402,62668291.270494014,27563315.914725885,16671613.276392285,0.4398287452222822,0.2660294853809385
31303655,126.05946868494802,126059468.68494801,47533530.45529177,12472948.594321651,0.3770722735163127,0.09894495609444821
31303757,106.51829513323412,106518295.13323411,20959300.308534827,18191282.886796348,0.19676714016421998,0.17078083031691893
31306166,59.427878826026074,59427878.826026075,26477882.2262477,3550404.9015827603,0.4455464800243194,0.05974308643888333
31306274,95.49484659551845,95494846.59551845,37714989.90571504,17641239.142531455,0.3949426723042141,0.1847349859333598
31306500,148.8445047841355,148844504.7841355,38191867.36694025,41280987.80311,0.25658903177063014,0.27734304241180097
31306719,142.30719336688264,142307193.36688265,49064507.42308375,14821956.223419992,0.34477882854867625,0.10415465214894272
31431714,106.2383859232236,106238385.9232236,41337064.562269755,17269522.80569852,0.3890972571076451,0.1625544538880595
31432279,73.51834202170873,73518342.02170873,28800085.374390427,9760906.242394377,0.3917401369835877,0.13276831296756048
31432523,108.89791069870154,108897910.69870153,27533509.799891658,28262718.35694091,0.25283781500704183,0.2595340734785824
31432676,101.27042973938164,101270429.73938164,14715327.864934599,22691517.476809416,0.14530725210512424,0.22406854138178134
31434099,146.99801133441252,146998011.33441252,53606610.93108322,25072952.029474467,0.3646757561170748,0.17056660700283122
31435120,51.5040459846388,51504045.9846388,16459980.253790464,4365441.21652367,0.3195861594776397,0.08475918994452732
31435149,81.13464962631016,81134649.62631017,26891579.849184338,15163074.799942844,0.33144384024632545,0.18688778308381077
31435423,90.31480742359474,90314807.42359474,38954469.90665088,12843505.222227171,0.43131875068887127,0.14220818920632283
31435753,123.03094548780784,123030945.48780784,54928306.49509289,16089754.80656361,0.4464592731308904,0.13077811230962277
31436063,124.9192551402979,124919255.1402979,42781505.03303063,14148409.509682925,0.3424732639094137,0.11326043766265435
31436695,123.41955773355963,123419557.73355962,49067067.48136186,13261207.082240466,0.39756314462970876,0.10744818184220851
31438563,106.8886818102264,106888681.8102264,39935370.456184305,21916322.292051606,0.373616455735574,0.2050387554686337
31438622,105.16822845204965,105168228.45204964,31745222.990678135,18871206.023764312,0.3018518373650464,0.17943827999697115
31438689,79.02536495478287,79025364.95478287,26416424.890226122,9868865.74578749,0.33427779682309855,0.1248822545955252
31438690,136.88648389303515,136886483.89303514,43508740.20250802,36842067.31604005,0.31784540712219844,0.26914320733688296
31439102,92.68764562890753,92687645.62890753,27980891.89242281,9796145.232359586,0.30188372681780684,0.1056898701643615
31440002,85.75369090839482,85753690.90839481,21188154.40251583,15374518.438634524,0.2470815445733966,0.1792869586809755
31440152,129.51253150854473,129512531.50854473,49560658.2597308,33758811.4235738,0.3826707553505043,0.2606605787899878
31441389,122.47425879462969,122474258.7946297,16239478.093967339,23800661.994547825,0.13259503061127662,0.19433195374105378
31442200,81.85515344178418,81855153.44178419,23195051.882977918,24118798.45130241,0.28336703197892554,0.29465216833850083
31442394,52.36879864379802,52368798.64379802,16653194.186159242,15586772.347833635,0.31799840014339265,0.2976347128726727
31442616,50.838310718409616,50838310.71840961,22167604.6114489,3481012.6614114093,0.43604132981982713,0.06847223308997287
31443108,135.0825909184742,135082590.9184742,35608805.762161374,14356088.368425969,0.26360766046938056,0.10627637707282529
31443270,65.10465797109308,65104657.97109307,18340192.155382883,8684423.078564908,0.2817032256513206,0.13339173185459102
31531161,110.24455888827217,110244558.88827217,33141917.87512479,15991172.731057435,0.3006218012873779,0.1450518092894159
31531303,109.0731651934769,109073165.1934769,49400290.70962935,32685985.75672254,0.45290966501248764,0.2996702781911872
31532674,72.53536237287307,72535362.37287307,27528387.405260824,8430488.681188509,0.37951678332768557,0.11622591251217575
31533095,94.55849919099319,94558499.19099319,28151683.026784375,10740719.358653888,0.29771710917198924,0.11358809044715627
31534553,91.9023039758799,91902303.97587991,19151515.76723781,23488070.052181516,0.2083899416957402,0.255576509358743
31535633,100.27079366640965,100270793.66640964,49347069.49798455,22719859.249147356,0.4921380164014364,0.22658501462284153
31536118,135.70221404469524,135702214.04469523,34074571.30071676,23874159.493146576,0.2510981234948302,0.17593050829136303
31536257,141.59716235725128,141597162.3572513,34222644.05057578,39435981.84103225,0.24169018277521445,0.2785082778815497
31536751,58.65700470749131,58657004.70749131,14264119.108326942,3868799.0192109044,0.24317844355433335,0.06595630033452433
31538278,92.90826988255637,92908269.88255636,15367853.349144848,22092150.769502487,0.16540888522163924,0.23778454595515308
31539670,79.45369317937005,79453693.17937005,23977034.05281737,14184554.446980283,0.30177368846389824,0.1785260556102541
31540003,128.7849072693241,128784907.2693241,20974896.64305748,8605731.368380202,0.1628676611863632,0.06682251477172933
31540419,84.58478973685578,84584789.73685578,17353491.32977858,21094615.19117378,0.20516089693862793,0.24939017117379336
31541183,98.51055980451167,98510559.80451167,39565025.91858851,27446266.181656558,0.4016323325854908,0.27861242729837327
31545384,120.6576725169341,120657672.5169341,18951083.909879014,7969424.940051017,0.15706488874314448,0.06604988123679016
31546760,113.52192712654758,113521927.12654757,13573584.591017239,24619088.421694458,0.11956795426742715,0.2168663715006401
31547429,124.34359397139042,124343593.97139043,57046686.06981914,9742751.778323539,0.4587826702431065,0.07835346773525943
31548148,93.09201675478545,93092016.75478545,15491561.036529815,7612415.418596839,0.16641127323878138,0.08177302075911379
31550254,104.13231703596999,104132317.03596999,14817799.411332792,19122150.70726739,0.14229779796616204,0.18363320102309932
31552612,77.21440699995203,77214406.99995203,25550621.68465743,4150745.955377652,0.33090484894448907,0.05375610739819876
31552686,127.70950839012926,127709508.39012925,38074468.32781694,9136225.144586591,0.2981333873082213,0.07153911450882021
31553237,136.62900488330996,136629004.88330996,28376288.85220817,30749012.067329343,0.20768861543303607,0.22505479047872007
31554613,80.21294911244809,80212949.11244808,10429701.67963668,11431036.675569478,0.1300251617106809,0.14250861989308805
31555614,99.775748021195,99775748.021195,41931405.67149414,28617295.153599374,0.42025649021029443,0.2868161424108823
